id,family,first_release_with_current_answer,expected,earliest_answer
offset:tehran:2023-07-15:12:00,legislated_2022_2025,2022.2 (2022b),"{""utc_offset"": ""+03:30""}","{""utc_offset"": ""+04:30""}"
offset:amman:2023-01-15:12:00,legislated_2022_2025,2022.5 (2022e),"{""utc_offset"": ""+03:00""}","{""utc_offset"": ""+02:00""}"
offset:mexico_city:2023-07-15:12:00,legislated_2022_2025,2022.6 (2022f),"{""utc_offset"": ""-06:00""}","{""utc_offset"": ""-05:00""}"
offset:mexico_city:2024-07-15:12:00,legislated_2022_2025,2022.6 (2022f),"{""utc_offset"": ""-06:00""}","{""utc_offset"": ""-05:00""}"
offset:chihuahua:2023-01-15:12:00,legislated_2022_2025,2022.6 (2022f),"{""utc_offset"": ""-06:00""}","{""utc_offset"": ""-07:00""}"
offset:nuuk:2024-01-15:12:00,legislated_2022_2025,2022.7 (2022g),"{""utc_offset"": ""-02:00""}","{""utc_offset"": ""-03:00""}"
offset:nuuk:2024-07-15:12:00,legislated_2022_2025,2023.1 (2023a),"{""utc_offset"": ""-01:00""}","{""utc_offset"": ""-02:00""}"
offset:ittoqqortoormiit:2024-07-15:12:00,legislated_2022_2025,2023.4 (2023d),"{""utc_offset"": ""-01:00""}","{""utc_offset"": ""+00:00""}"
offset:cairo:2023-07-15:12:00,legislated_2022_2025,2023.1 (2023a),"{""utc_offset"": ""+03:00""}","{""utc_offset"": ""+02:00""}"
offset:cairo:2024-07-15:12:00,legislated_2022_2025,2023.1 (2023a),"{""utc_offset"": ""+03:00""}","{""utc_offset"": ""+02:00""}"
offset:almaty:2024-07-15:12:00,legislated_2022_2025,2024.1 (2024a),"{""utc_offset"": ""+05:00""}","{""utc_offset"": ""+06:00""}"
offset:almaty:2025-01-15:12:00,legislated_2022_2025,2024.1 (2024a),"{""utc_offset"": ""+05:00""}","{""utc_offset"": ""+06:00""}"
offset:asuncion:2025-06-15:12:00,legislated_2022_2025,2025.1 (2025a),"{""utc_offset"": ""-03:00""}","{""utc_offset"": ""-04:00""}"
offset:coyhaique:2025-07-15:12:00,legislated_2022_2025,2025.2 (2025b),"{""utc_offset"": ""-03:00""}","{""utc_offset"": ""-04:00""}"
convert:mexico_city:chicago:2023-07-15:09:00,legislated_2022_2025,2022.6 (2022f),"{""date"": ""2023-07-15"", ""time"": ""10:00""}","{""date"": ""2023-07-15"", ""time"": ""09:00""}"
convert:almaty:moscow:2024-07-15:09:00,legislated_2022_2025,2024.1 (2024a),"{""date"": ""2024-07-15"", ""time"": ""07:00""}","{""date"": ""2024-07-15"", ""time"": ""06:00""}"
convert:asuncion:buenos_aires:2025-06-15:09:00,legislated_2022_2025,2025.1 (2025a),"{""date"": ""2025-06-15"", ""time"": ""09:00""}","{""date"": ""2025-06-15"", ""time"": ""10:00""}"
convert:tehran:dubai:2023-07-15:09:00,legislated_2022_2025,2022.2 (2022b),"{""date"": ""2023-07-15"", ""time"": ""09:30""}","{""date"": ""2023-07-15"", ""time"": ""08:30""}"
convert:cairo:athens:2023-07-15:09:00,legislated_2022_2025,2023.1 (2023a),"{""date"": ""2023-07-15"", ""time"": ""09:00""}","{""date"": ""2023-07-15"", ""time"": ""10:00""}"
convert:amman:jerusalem:2023-01-15:09:00,legislated_2022_2025,2022.5 (2022e),"{""date"": ""2023-01-15"", ""time"": ""08:00""}","{""date"": ""2023-01-15"", ""time"": ""09:00""}"
change_day:mexico_city:2023-04-02,legislated_2022_2025,2022.6 (2022f),"{""changes"": false, ""direction"": ""none""}","{""changes"": true, ""direction"": ""forward""}"
change_day:tehran:2023-03-22,legislated_2022_2025,2022.2 (2022b),"{""changes"": false, ""direction"": ""none""}","{""changes"": true, ""direction"": ""forward""}"
change_day:amman:2022-10-28,legislated_2022_2025,2022.5 (2022e),"{""changes"": false, ""direction"": ""none""}","{""changes"": true, ""direction"": ""back""}"
change_day:cairo:2023-04-28,legislated_2022_2025,2023.1 (2023a),"{""changes"": true, ""direction"": ""forward""}","{""changes"": false, ""direction"": ""none""}"
offset:almaty:2024-03-05:12:00,legislated_2022_2025,2024.1 (2024a),"{""utc_offset"": ""+05:00""}","{""utc_offset"": ""+06:00""}"
offset:asuncion:2025-03-25:12:00,legislated_2022_2025,2025.1 (2025a),"{""utc_offset"": ""-03:00""}","{""utc_offset"": ""-04:00""}"
offset:vancouver:2026-11-15:12:00,wave_2026,2026.2 (2026b),"{""utc_offset"": ""-07:00""}","{""utc_offset"": ""-08:00""}"
offset:vancouver:2026-12-15:12:00,wave_2026,2026.2 (2026b),"{""utc_offset"": ""-07:00""}","{""utc_offset"": ""-08:00""}"
offset:calgary:2026-11-15:12:00,wave_2026,2026.3 (2026c),"{""utc_offset"": ""-06:00""}","{""utc_offset"": ""-07:00""}"
offset:edmonton:2026-12-15:12:00,wave_2026,2026.3 (2026c),"{""utc_offset"": ""-06:00""}","{""utc_offset"": ""-07:00""}"
offset:yellowknife:2026-11-15:12:00,wave_2026,2026.3 (2026c),"{""utc_offset"": ""-06:00""}","{""utc_offset"": ""-07:00""}"
offset:inuvik:2026-11-15:12:00,wave_2026,2026.4 (2026d),"{""utc_offset"": ""-06:00""}","{""utc_offset"": ""-07:00""}"
offset:casablanca:2026-10-15:12:00,wave_2026,2026.3 (2026c),"{""utc_offset"": ""+00:00""}","{""utc_offset"": ""+01:00""}"
offset:casablanca:2026-12-15:12:00,wave_2026,2026.3 (2026c),"{""utc_offset"": ""+00:00""}","{""utc_offset"": ""+01:00""}"
convert:calgary:toronto:2026-11-15:09:00,wave_2026,2026.3 (2026c),"{""date"": ""2026-11-15"", ""time"": ""10:00""}","{""date"": ""2026-11-15"", ""time"": ""11:00""}"
convert:vancouver:seattle:2026-11-15:09:00,wave_2026,2026.2 (2026b),"{""date"": ""2026-11-15"", ""time"": ""08:00""}","{""date"": ""2026-11-15"", ""time"": ""09:00""}"
convert:calgary:denver:2026-11-15:09:00,wave_2026,2026.3 (2026c),"{""date"": ""2026-11-15"", ""time"": ""08:00""}","{""date"": ""2026-11-15"", ""time"": ""09:00""}"
convert:casablanca:paris:2026-10-15:09:00,wave_2026,2026.3 (2026c),"{""date"": ""2026-10-15"", ""time"": ""11:00""}","{""date"": ""2026-10-15"", ""time"": ""10:00""}"
convert:casablanca:london:2026-12-15:09:00,wave_2026,2026.3 (2026c),"{""date"": ""2026-12-15"", ""time"": ""09:00""}","{""date"": ""2026-12-15"", ""time"": ""08:00""}"
convert:inuvik:toronto:2026-11-15:09:00,wave_2026,2026.4 (2026d),"{""date"": ""2026-11-15"", ""time"": ""10:00""}","{""date"": ""2026-11-15"", ""time"": ""11:00""}"
change_day:vancouver:2026-11-01,wave_2026,2026.2 (2026b),"{""changes"": false, ""direction"": ""none""}","{""changes"": true, ""direction"": ""back""}"
change_day:calgary:2026-11-01,wave_2026,2026.3 (2026c),"{""changes"": false, ""direction"": ""none""}","{""changes"": true, ""direction"": ""back""}"
change_day:edmonton:2026-11-01,wave_2026,2026.3 (2026c),"{""changes"": false, ""direction"": ""none""}","{""changes"": true, ""direction"": ""back""}"
change_day:yellowknife:2026-11-01,wave_2026,2026.3 (2026c),"{""changes"": false, ""direction"": ""none""}","{""changes"": true, ""direction"": ""back""}"
change_day:inuvik:2026-11-01,wave_2026,2026.4 (2026d),"{""changes"": false, ""direction"": ""none""}","{""changes"": true, ""direction"": ""back""}"
change_day:casablanca:2026-09-20,wave_2026,2026.3 (2026c),"{""changes"": true, ""direction"": ""back""}","{""changes"": false, ""direction"": ""none""}"
